model,N,dimension,nullity_numeric,gap_numeric,comparison_value,comparison,min_eigenvalue_numeric
marker_balanced,2,9,8,0.9999999999999998,0.9999999999999999,equality,0.0
marker_balanced,3,27,21,0.4999999999999998,0.4999999999999999,equality,-2.5477542242035207e-17
marker_balanced,4,81,55,0.2928932188134526,0.2928932188134524,equality,-4.3643259043853473e-16
marker_balanced,5,243,144,0.19098300562505344,0.19098300562505255,equality,-8.429489323316027e-16
marker_balanced,6,729,377,0.13397459621556257,0.1339745962155613,equality,-1.3333284381016993e-15
marker_complex_biased,2,9,8,1.0000000000000002,0.9999999999999999,equality,-1.172530755472191e-16
marker_complex_biased,3,27,21,0.5200000000000002,0.5199999999999999,equality,-2.293174154836126e-16
marker_complex_biased,4,81,55,0.32117749006091467,0.32117749006091434,equality,-7.880498083599038e-16
marker_complex_biased,5,243,144,0.2233436854000482,0.22334368540005045,equality,-1.0965474555672345e-15
marker_complex_biased,6,729,377,0.16861561236693814,0.1686156123669389,equality,-2.1732283057109494e-15
dimer_balanced,2,9,8,0.9999999999999998,0.25,lower,0.0
dimer_balanced,3,27,21,0.5,0.25,lower,-1.243160085290729e-16
dimer_balanced,4,81,55,0.41495675668698334,0.25,lower,-3.9654722758179384e-16
dimer_balanced,5,243,144,0.37651019814126596,0.25,lower,-8.495978529215239e-16
dimer_balanced,6,729,377,0.3535563605373136,0.25,lower,-1.0144143401379117e-15
dimer_biased_3_4,2,9,8,1.0000000000000002,0.4096,lower,0.0
dimer_biased_3_4,3,27,21,0.6399999999999998,0.4096,lower,-3.601602483504352e-16
dimer_biased_3_4,4,81,55,0.5590430471344237,0.4096,lower,-4.839086103413031e-16
dimer_biased_3_4,5,243,144,0.5224497332702149,0.4096,lower,-6.8718173303419495e-16
dimer_biased_3_4,6,729,377,0.5013467324632761,0.4096,lower,-1.609823385706477e-15
full_schmidt_rank_star,2,9,8,1.0000000000000002,0.05,lower,-1.8622297183514862e-16
full_schmidt_rank_star,3,27,21,0.49504999504999503,0.05,lower,-1.53102967577216e-16
full_schmidt_rank_star,4,81,55,0.4100860691250865,0.05,lower,-5.045992038601703e-16
full_schmidt_rank_star,5,243,144,0.3716604904909252,0.05,lower,-1.2286448071523919e-15
full_schmidt_rank_star,6,729,377,0.34868919692845113,0.05,lower,-2.7755575615628914e-15
rank_two_opposing,2,9,7,0.9999999999999994,nan,upper_odd,-5.551115123125783e-17
rank_two_opposing,3,27,15,0.1999999999999999,0.4,upper_odd,-2.0006606741538173e-16
rank_two_opposing,4,81,31,0.10557280900008312,nan,upper_odd,-9.114494844645472e-16
rank_two_opposing,5,243,63,0.03431457505076195,0.1,upper_odd,-1.4442248016924967e-15
rank_two_opposing,6,729,127,0.020204102886726725,nan,upper_odd,-1.9946621059574136e-15
rank_two_equal_bias,2,9,7,0.9999999999999998,1.0,equality,-2.7755575615628914e-17
rank_two_equal_bias,3,27,15,0.5999999999999996,0.5999999999999999,equality,-1.4268148345201964e-16
rank_two_equal_bias,4,81,31,0.4343145750507611,0.4343145750507619,equality,-5.583232287570588e-16
rank_two_equal_bias,5,243,63,0.35278640450004006,0.35278640450004195,equality,-8.67426452373737e-16
rank_two_equal_bias,6,729,127,0.3071796769724442,0.30717967697244897,equality,-1.852848327135869e-15
